<?xml version="1.0"?>
<mod name="Edward Armorhands" global_key="EDAH" core_class="EDAH.lua" min_lib_ver="3.0">
   
	<Hooks directory="Hooks">
		<hook file="managespawnedunits.lua" source_file="lib/units/props/managespawnedunits"/> 
		<hook file="blackmarketmanager.lua" source_file="lib/managers/blackmarketmanager"/> 
		<hook file="menuarmourbase.lua" source_file="lib/units/menu/menuarmourbase"/>
		<hook file="armorskinext.lua" source_file="lib/units/armorskinext"/>
		<hook file="playermovement.lua" source_file="lib/units/beings/player/playermovement"/> 
		<hook file="blackmarketgui.lua" source_file="lib/managers/menu/blackmarketgui"/> 
		<hook file="criminalsmanager.lua" source_file="lib/managers/criminalsmanager"/> 
	</Hooks>
	<Options build_menu="false" auto_load="true">
		<options>
			<option name="Saved" type="table">
				<default_value/>
			</option>
		</options>
	</Options>
	
	<AddFiles directory="assets">
		<material_config path="units/legendary_armour/armor_skins/fps_armor_arms/fps_armor_arms"/>
			<model path="units/legendary_armour/armor_skins/fps_armor_arms/fps_armor_arms"/>
			<object path="units/legendary_armour/armor_skins/fps_armor_arms/fps_armor_arms"/>
			<unit path="units/legendary_armour/armor_skins/fps_armor_arms/fps_armor_arms"/>
			<material_config path="units/legendary_armour/armor_skins/fps_armor_arms/fps_armor_arms_cc"/>
	</AddFiles>
	
</mod>

