<?xml version="1.0"?>
<mod name="Edward Armorhands" global_key="EDAH" core_class="EDAH.lua" min_lib_ver="3.0">
   
	<Hooks directory="Hooks">
		<hook file="blackmarketmanager.lua" source_file="lib/managers/blackmarketmanager"/> 
		<hook file="playermovement.lua" source_file="lib/units/beings/player/playermovement"/>
	</Hooks>
	
	
	<AddFiles directory="Assets">
		<material_config path="units/legendary_armour/armor_skins/fps_armor_arms/fps_armor_arms"/>
		<model path="units/legendary_armour/armor_skins/fps_armor_arms/fps_armor_arms"/>
		<object path="units/legendary_armour/armor_skins/fps_armor_arms/fps_armor_arms"/>
		<unit path="units/legendary_armour/armor_skins/fps_armor_arms/fps_armor_arms"/>
		<material_config path="units/legendary_armour/armor_skins/fps_armor_arms/fps_armor_arms_cc"/>
	</AddFiles>
	
</mod>

